{
  "mag_offsets_g": [
    0.069580078125,
    -0.2808837890625,
    0.106536865234375
  ],
  "mag_scales": [
    0.9619707068746091,
    1.0363450455474996,
    1.0044822848390658
  ],
  "gyro_bias_dps": [
    0.3346299342105264,
    -0.2551891447368419,
    -0.027919407894736778
  ]
}