{
  "mag_offsets_g": [
    0.1531982421875,
    -0.3106689453125,
    -0.1370849609375
  ],
  "mag_soft_iron": [
    [
      5.032913350921582,
      0.0,
      0.0
    ],
    [
      0.0,
      4.494995318064765,
      0.0
    ],
    [
      0.0,
      0.0,
      3.076490684866714
    ]
  ],
  "gyro_bias_dps": [
    0.3615772179627601,
    -0.2477409638554214,
    -0.037712212486308766
  ],
  "accel_bias_g": [
    -0.005360391684901304,
    -0.02480486469730167,
    0.019233887308534
  ],
  "accel_scale": [
    -0.9954592669584249,
    1.0036068380743983,
    0.998149273522976
  ],
  "temperature_c": 25.0,
  "calibration_date": "2025-09-01 09:55:53",
  "quality_score": 0.0
}